date,wheat_index_igc
1/3/2000,97
1/4/2000,97
1/5/2000,97
1/6/2000,97
1/7/2000,98
1/10/2000,99
1/11/2000,99
1/12/2000,100
1/13/2000,101
1/14/2000,101
1/17/2000,101
1/18/2000,101
1/19/2000,102
1/20/2000,101
1/21/2000,101
1/24/2000,102
1/25/2000,101
1/26/2000,101
1/27/2000,101
1/28/2000,101
1/31/2000,101
2/1/2000,100
2/2/2000,100
2/3/2000,100
2/4/2000,100
2/7/2000,100
2/8/2000,100
2/9/2000,101
2/10/2000,102
2/11/2000,103
2/14/2000,103
2/15/2000,102
2/16/2000,102
2/17/2000,102
2/18/2000,102
2/21/2000,102
2/22/2000,101
2/23/2000,101
2/24/2000,100
2/25/2000,100
2/28/2000,100
2/29/2000,99
3/1/2000,99
3/2/2000,99
3/3/2000,99
3/6/2000,99
3/7/2000,99
3/8/2000,99
3/9/2000,100
3/10/2000,100
3/13/2000,100
3/14/2000,101
3/15/2000,101
3/16/2000,101
3/17/2000,101
3/20/2000,101
3/21/2000,100
3/22/2000,100
3/23/2000,99
3/24/2000,99
3/27/2000,99
3/28/2000,99
3/29/2000,99
3/30/2000,100
3/31/2000,101
4/3/2000,101
4/4/2000,101
4/5/2000,102
4/6/2000,102
4/7/2000,102
4/10/2000,102
4/11/2000,102
4/12/2000,102
4/13/2000,101
4/14/2000,101
4/17/2000,101
4/18/2000,101
4/19/2000,101
4/20/2000,101
4/21/2000,101
4/24/2000,101
4/25/2000,101
4/26/2000,101
4/27/2000,100
4/28/2000,100
5/1/2000,101
5/2/2000,102
5/3/2000,103
5/4/2000,104
5/5/2000,106
5/8/2000,106
5/9/2000,106
5/10/2000,106
5/11/2000,106
5/12/2000,107
5/15/2000,106
5/16/2000,106
5/17/2000,105
5/18/2000,105
5/19/2000,105
5/22/2000,105
5/23/2000,106
5/24/2000,106
5/25/2000,106
5/26/2000,106
5/29/2000,108
5/30/2000,108
5/31/2000,108
6/1/2000,107
6/2/2000,107
6/5/2000,107
6/6/2000,107
6/7/2000,107
6/8/2000,107
6/9/2000,107
6/12/2000,106
6/13/2000,106
6/14/2000,106
6/15/2000,106
6/16/2000,106
6/19/2000,107
6/20/2000,107
6/21/2000,108
6/22/2000,109
6/23/2000,109
6/26/2000,109
6/27/2000,109
6/28/2000,109
6/29/2000,109
6/30/2000,108
7/3/2000,106
7/4/2000,106
7/5/2000,105
7/6/2000,105
7/7/2000,104
7/10/2000,104
7/11/2000,104
7/12/2000,104
7/13/2000,104
7/14/2000,103
7/17/2000,103
7/18/2000,103
7/19/2000,103
7/20/2000,103
7/21/2000,102
7/24/2000,102
7/25/2000,102
7/26/2000,102
7/27/2000,102
7/28/2000,102
7/31/2000,101
8/1/2000,101
8/2/2000,101
8/3/2000,100
8/4/2000,98
8/7/2000,98
8/8/2000,98
8/9/2000,98
8/10/2000,98
8/11/2000,98
8/14/2000,98
8/15/2000,99
8/16/2000,99
8/17/2000,99
8/18/2000,100
8/21/2000,100
8/22/2000,100
8/23/2000,100
8/24/2000,101
8/25/2000,101
8/28/2000,102
8/29/2000,103
8/30/2000,102
8/31/2000,103
9/1/2000,104
9/4/2000,103
9/5/2000,103
9/6/2000,103
9/7/2000,103
9/8/2000,103
9/11/2000,103
9/12/2000,103
9/13/2000,103
9/14/2000,102
9/15/2000,102
9/18/2000,103
9/19/2000,102
9/20/2000,102
9/21/2000,102
9/22/2000,102
9/25/2000,103
9/26/2000,103
9/27/2000,104
9/28/2000,105
9/29/2000,106
10/2/2000,106
10/3/2000,106
10/4/2000,107
10/5/2000,107
10/6/2000,107
10/9/2000,108
10/10/2000,108
10/11/2000,109
10/12/2000,109
10/13/2000,109
10/16/2000,110
10/17/2000,109
10/18/2000,109
10/19/2000,109
10/20/2000,109
10/23/2000,109
10/24/2000,109
10/25/2000,108
10/26/2000,108
10/27/2000,109
10/30/2000,109
10/31/2000,109
11/1/2000,109
11/2/2000,109
11/3/2000,110
11/6/2000,110
11/7/2000,110
11/8/2000,110
11/9/2000,109
11/10/2000,109
11/13/2000,109
11/14/2000,109
11/15/2000,110
11/16/2000,110
11/17/2000,110
11/20/2000,110
11/21/2000,110
11/22/2000,110
11/23/2000,110
11/24/2000,110
11/27/2000,111
11/28/2000,111
11/29/2000,110
11/30/2000,111
12/1/2000,112
12/4/2000,112
12/5/2000,112
12/6/2000,111
12/7/2000,110
12/8/2000,110
12/11/2000,110
12/12/2000,110
12/13/2000,110
12/14/2000,109
12/15/2000,109
12/18/2000,110
12/19/2000,110
12/20/2000,110
12/21/2000,111
12/22/2000,111
12/25/2000,111
12/26/2000,111
12/27/2000,111
12/28/2000,111
12/29/2000,112
1/2/2001,112
1/3/2001,112
1/4/2001,113
1/5/2001,113
1/8/2001,113
1/9/2001,113
1/10/2001,114
1/11/2001,114
1/12/2001,114
1/15/2001,113
1/16/2001,113
1/17/2001,112
1/18/2001,113
1/19/2001,112
1/22/2001,112
1/23/2001,112
1/24/2001,113
1/25/2001,112
1/26/2001,112
1/29/2001,111
1/30/2001,111
1/31/2001,111
2/1/2001,111
2/2/2001,111
2/5/2001,111
2/6/2001,111
2/7/2001,110
2/8/2001,110
2/9/2001,110
2/12/2001,111
2/13/2001,111
2/14/2001,111
2/15/2001,111
2/16/2001,111
2/19/2001,111
2/20/2001,111
2/21/2001,111
2/22/2001,111
2/23/2001,111
2/26/2001,111
2/27/2001,111
2/28/2001,112
3/1/2001,112
3/2/2001,112
3/5/2001,113
3/6/2001,113
3/7/2001,113
3/8/2001,113
3/9/2001,113
3/12/2001,112
3/13/2001,112
3/14/2001,113
3/15/2001,111
3/16/2001,111
3/19/2001,110
3/20/2001,110
3/21/2001,110
3/22/2001,109
3/23/2001,109
3/26/2001,109
3/27/2001,109
3/28/2001,109
3/29/2001,109
3/30/2001,108
4/2/2001,108
4/3/2001,108
4/4/2001,108
4/5/2001,108
4/6/2001,108
4/9/2001,109
4/10/2001,109
4/11/2001,109
4/12/2001,110
4/13/2001,110
4/16/2001,110
4/17/2001,111
4/18/2001,111
4/19/2001,111
4/20/2001,111
4/23/2001,112
4/24/2001,112
4/25/2001,112
4/26/2001,113
4/27/2001,112
4/30/2001,113
5/1/2001,113
5/2/2001,114
5/3/2001,113
5/4/2001,114
5/7/2001,114
5/8/2001,114
5/9/2001,113
5/10/2001,114
5/11/2001,114
5/14/2001,115
5/15/2001,115
5/16/2001,116
5/17/2001,116
5/18/2001,115
5/21/2001,114
5/22/2001,114
5/23/2001,113
5/24/2001,113
5/25/2001,113
5/28/2001,113
5/29/2001,113
5/30/2001,114
5/31/2001,114
6/1/2001,115
6/4/2001,114
6/5/2001,114
6/6/2001,114
6/7/2001,114
6/8/2001,113
6/11/2001,113
6/12/2001,113
6/13/2001,112
6/14/2001,112
6/15/2001,111
6/18/2001,112
6/19/2001,112
6/20/2001,111
6/21/2001,111
6/22/2001,110
6/25/2001,109
6/26/2001,109
6/27/2001,109
6/28/2001,108
6/29/2001,109
7/2/2001,109
7/3/2001,109
7/4/2001,110
7/5/2001,110
7/6/2001,110
7/9/2001,110
7/10/2001,111
7/11/2001,111
7/12/2001,113
7/13/2001,113
7/16/2001,112
7/17/2001,113
7/18/2001,113
7/19/2001,113
7/20/2001,112
7/23/2001,112
7/24/2001,112
7/25/2001,112
7/26/2001,112
7/27/2001,112
7/30/2001,111
7/31/2001,111
8/1/2001,110
8/2/2001,110
8/3/2001,110
8/6/2001,110
8/7/2001,110
8/8/2001,110
8/9/2001,110
8/10/2001,110
8/13/2001,111
8/14/2001,110
8/15/2001,110
8/16/2001,110
8/17/2001,110
8/20/2001,110
8/21/2001,110
8/22/2001,111
8/23/2001,111
8/24/2001,112
8/27/2001,112
8/28/2001,112
8/29/2001,112
8/30/2001,112
8/31/2001,113
9/3/2001,112
9/4/2001,112
9/5/2001,112
9/6/2001,111
9/7/2001,112
9/10/2001,112
9/11/2001,111
9/12/2001,111
9/13/2001,112
9/14/2001,112
9/17/2001,112
9/18/2001,111
9/19/2001,110
9/20/2001,110
9/21/2001,110
9/24/2001,110
9/25/2001,110
9/26/2001,110
9/27/2001,111
9/28/2001,110
10/1/2001,110
10/2/2001,110
10/3/2001,110
10/4/2001,111
10/5/2001,111
10/8/2001,111
10/9/2001,111
10/10/2001,112
10/11/2001,112
10/12/2001,112
10/15/2001,112
10/16/2001,112
10/17/2001,113
10/18/2001,113
10/19/2001,113
10/22/2001,113
10/23/2001,113
10/24/2001,113
10/25/2001,114
10/26/2001,115
10/29/2001,114
10/30/2001,114
10/31/2001,114
11/1/2001,114
11/2/2001,113
11/5/2001,113
11/6/2001,113
11/7/2001,113
11/8/2001,113
11/9/2001,113
11/12/2001,113
11/13/2001,112
11/14/2001,112
11/15/2001,112
11/16/2001,113
11/19/2001,113
11/20/2001,113
11/21/2001,113
11/22/2001,113
11/23/2001,113
11/26/2001,112
11/27/2001,112
11/28/2001,111
11/29/2001,111
11/30/2001,112
12/3/2001,112
12/4/2001,112
12/5/2001,112
12/6/2001,112
12/7/2001,112
12/10/2001,111
12/11/2001,111
12/12/2001,111
12/13/2001,111
12/14/2001,111
12/17/2001,111
12/18/2001,111
12/19/2001,111
12/20/2001,111
12/21/2001,111
12/24/2001,111
12/25/2001,111
12/26/2001,111
12/27/2001,111
12/28/2001,111
12/31/2001,111
1/1/2002,111
1/2/2002,111
1/3/2002,112
1/4/2002,112
1/7/2002,113
1/8/2002,113
1/9/2002,113
1/10/2002,113
1/11/2002,113
1/14/2002,113
1/15/2002,112
1/16/2002,112
1/17/2002,112
1/18/2002,112
1/21/2002,111
1/22/2002,111
1/23/2002,111
1/24/2002,111
1/25/2002,111
1/28/2002,110
1/29/2002,110
1/30/2002,109
1/31/2002,109
2/1/2002,109
2/4/2002,109
2/5/2002,109
2/6/2002,109
2/7/2002,109
2/8/2002,109
2/11/2002,109
2/12/2002,109
2/13/2002,109
2/14/2002,109
2/15/2002,108
2/18/2002,108
2/19/2002,108
2/20/2002,108
2/21/2002,109
2/22/2002,109
2/25/2002,108
2/26/2002,108
2/27/2002,107
2/28/2002,107
3/1/2002,107
3/4/2002,107
3/5/2002,108
3/6/2002,108
3/7/2002,108
3/8/2002,107
3/11/2002,107
3/12/2002,107
3/13/2002,107
3/14/2002,107
3/15/2002,107
3/18/2002,107
3/19/2002,107
3/20/2002,106
3/21/2002,106
3/22/2002,106
3/25/2002,107
3/26/2002,107
3/27/2002,108
3/28/2002,108
3/29/2002,108
4/1/2002,108
4/2/2002,108
4/3/2002,108
4/4/2002,108
4/5/2002,107
4/8/2002,107
4/9/2002,106
4/10/2002,106
4/11/2002,106
4/12/2002,106
4/15/2002,106
4/16/2002,107
4/17/2002,107
4/18/2002,106
4/19/2002,106
4/22/2002,106
4/23/2002,106
4/24/2002,106
4/25/2002,105
4/26/2002,105
4/29/2002,105
4/30/2002,106
5/1/2002,106
5/2/2002,106
5/3/2002,106
5/6/2002,106
5/7/2002,106
5/8/2002,106
5/9/2002,106
5/10/2002,106
5/13/2002,107
5/14/2002,107
5/15/2002,108
5/16/2002,107
5/17/2002,107
5/20/2002,107
5/21/2002,107
5/22/2002,107
5/23/2002,108
5/24/2002,108
5/27/2002,108
5/28/2002,108
5/29/2002,109
5/30/2002,109
5/31/2002,110
6/3/2002,111
6/4/2002,111
6/5/2002,111
6/6/2002,111
6/7/2002,110
6/10/2002,110
6/11/2002,111
6/12/2002,111
6/13/2002,112
6/14/2002,113
6/17/2002,112
6/18/2002,112
6/19/2002,113
6/20/2002,113
6/21/2002,113
6/24/2002,114
6/25/2002,115
6/26/2002,115
6/27/2002,117
6/28/2002,117
7/1/2002,117
7/2/2002,117
7/3/2002,117
7/4/2002,117
7/5/2002,117
7/8/2002,116
7/9/2002,117
7/10/2002,117
7/11/2002,118
7/12/2002,118
7/15/2002,119
7/16/2002,121
7/17/2002,121
7/18/2002,121
7/19/2002,122
7/22/2002,123
7/23/2002,123
7/24/2002,123
7/25/2002,123
7/26/2002,123
7/29/2002,122
7/30/2002,122
7/31/2002,123
8/1/2002,124
8/2/2002,124
8/5/2002,124
8/6/2002,125
8/7/2002,125
8/8/2002,125
8/9/2002,126
8/12/2002,128
8/13/2002,130
8/14/2002,130
8/15/2002,130
8/16/2002,130
8/19/2002,130
8/20/2002,129
8/21/2002,129
8/22/2002,129
8/23/2002,131
8/26/2002,132
8/27/2002,133
8/28/2002,134
8/29/2002,135
8/30/2002,137
9/2/2002,138
9/3/2002,139
9/4/2002,143
9/5/2002,146
9/6/2002,150
9/9/2002,153
9/10/2002,152
9/11/2002,152
9/12/2002,151
9/13/2002,149
9/16/2002,150
9/17/2002,150
9/18/2002,153
9/19/2002,151
9/20/2002,152
9/23/2002,151
9/24/2002,153
9/25/2002,152
9/26/2002,153
9/27/2002,154
9/30/2002,155
10/1/2002,156
10/2/2002,154
10/3/2002,153
10/4/2002,153
10/7/2002,153
10/8/2002,153
10/9/2002,152
10/10/2002,151
10/11/2002,151
10/14/2002,151
10/15/2002,154
10/16/2002,155
10/17/2002,154
10/18/2002,154
10/21/2002,154
10/22/2002,153
10/23/2002,151
10/24/2002,152
10/25/2002,151
10/28/2002,151
10/29/2002,151
10/30/2002,150
10/31/2002,151
11/1/2002,152
11/4/2002,152
11/5/2002,151
11/6/2002,150
11/7/2002,150
11/8/2002,147
11/11/2002,146
11/12/2002,144
11/13/2002,145
11/14/2002,147
11/15/2002,146
11/18/2002,145
11/19/2002,144
11/20/2002,143
11/21/2002,143
11/22/2002,142
11/25/2002,143
11/26/2002,143
11/27/2002,143
11/28/2002,142
11/29/2002,142
12/2/2002,141
12/3/2002,139
12/4/2002,138
12/5/2002,136
12/6/2002,136
12/9/2002,136
12/10/2002,135
12/11/2002,135
12/12/2002,135
12/13/2002,135
12/16/2002,134
12/17/2002,135
12/18/2002,134
12/19/2002,134
12/20/2002,132
12/23/2002,132
12/24/2002,132
12/25/2002,132
12/26/2002,131
12/27/2002,131
12/30/2002,130
12/31/2002,129
1/1/2003,129
1/2/2003,129
1/3/2003,129
1/6/2003,129
1/7/2003,129
1/8/2003,130
1/9/2003,129
1/10/2003,127
1/13/2003,126
1/14/2003,126
1/15/2003,126
1/16/2003,126
1/17/2003,127
1/20/2003,127
1/21/2003,127
1/22/2003,126
1/23/2003,126
1/24/2003,127
1/27/2003,126
1/28/2003,127
1/29/2003,126
1/30/2003,127
1/31/2003,128
2/3/2003,128
2/4/2003,128
2/5/2003,129
2/6/2003,129
2/7/2003,129
2/10/2003,130
2/11/2003,129
2/12/2003,129
2/13/2003,129
2/14/2003,129
2/17/2003,129
2/18/2003,129
2/19/2003,128
2/20/2003,129
2/21/2003,129
2/24/2003,128
2/25/2003,127
2/26/2003,127
2/27/2003,126
2/28/2003,126
3/3/2003,127
3/4/2003,127
3/5/2003,127
3/6/2003,127
3/7/2003,126
3/10/2003,125
3/11/2003,124
3/12/2003,124
3/13/2003,123
3/14/2003,123
3/17/2003,122
3/18/2003,122
3/19/2003,122
3/20/2003,122
3/21/2003,122
3/24/2003,121
3/25/2003,121
3/26/2003,121
3/27/2003,121
3/28/2003,121
3/31/2003,121
4/1/2003,121
4/2/2003,121
4/3/2003,120
4/4/2003,120
4/7/2003,121
4/8/2003,121
4/9/2003,121
4/10/2003,121
4/11/2003,121
4/14/2003,121
4/15/2003,121
4/16/2003,120
4/17/2003,120
4/18/2003,120
4/21/2003,120
4/22/2003,121
4/23/2003,121
4/24/2003,121
4/25/2003,121
4/28/2003,121
4/29/2003,120
4/30/2003,120
5/1/2003,120
5/2/2003,120
5/5/2003,120
5/6/2003,121
5/7/2003,122
5/8/2003,123
5/9/2003,125
5/12/2003,126
5/13/2003,126
5/14/2003,126
5/15/2003,127
5/16/2003,128
5/19/2003,126
5/20/2003,126
5/21/2003,126
5/22/2003,124
5/23/2003,123
5/26/2003,123
5/27/2003,123
5/28/2003,122
5/29/2003,123
5/30/2003,123
6/2/2003,122
6/3/2003,122
6/4/2003,121
6/5/2003,121
6/6/2003,121
6/9/2003,122
6/10/2003,122
6/11/2003,122
6/12/2003,122
6/13/2003,120
6/16/2003,120
6/17/2003,120
6/18/2003,120
6/19/2003,120
6/20/2003,119
6/23/2003,119
6/24/2003,119
6/25/2003,119
6/26/2003,118
6/27/2003,118
6/30/2003,118
7/1/2003,119
7/2/2003,119
7/3/2003,118
7/4/2003,117
7/7/2003,116
7/8/2003,115
7/9/2003,116
7/10/2003,116
7/11/2003,116
7/14/2003,117
7/15/2003,117
7/16/2003,118
7/17/2003,119
7/18/2003,121
7/21/2003,121
7/22/2003,121
7/23/2003,122
7/24/2003,122
7/25/2003,123
7/28/2003,124
7/29/2003,124
7/30/2003,123
7/31/2003,125
8/1/2003,125
8/4/2003,126
8/5/2003,125
8/6/2003,127
8/7/2003,127
8/8/2003,127
8/11/2003,128
8/12/2003,129
8/13/2003,130
8/14/2003,132
8/15/2003,134
8/18/2003,135
8/19/2003,133
8/20/2003,133
8/21/2003,132
8/22/2003,132
8/25/2003,132
8/26/2003,132
8/27/2003,132
8/28/2003,131
8/29/2003,132
9/1/2003,132
9/2/2003,131
9/3/2003,131
9/4/2003,130
9/5/2003,129
9/8/2003,129
9/9/2003,129
9/10/2003,129
9/11/2003,127
9/12/2003,127
9/15/2003,127
9/16/2003,126
9/17/2003,126
9/18/2003,125
9/19/2003,125
9/22/2003,125
9/23/2003,126
9/24/2003,128
9/25/2003,130
9/26/2003,130
9/29/2003,130
9/30/2003,130
10/1/2003,130
10/2/2003,130
10/3/2003,129
10/6/2003,127
10/7/2003,127
10/8/2003,125
10/9/2003,125
10/10/2003,125
10/13/2003,125
10/14/2003,125
10/15/2003,126
10/16/2003,127
10/17/2003,126
10/20/2003,128
10/21/2003,129
10/22/2003,131
10/23/2003,134
10/24/2003,135
10/27/2003,134
10/28/2003,136
10/29/2003,136
10/30/2003,136
10/31/2003,136
11/3/2003,136
11/4/2003,136
11/5/2003,138
11/6/2003,138
11/7/2003,139
11/10/2003,140
11/11/2003,141
11/12/2003,143
11/13/2003,144
11/14/2003,145
11/17/2003,144
11/18/2003,142
11/19/2003,140
11/20/2003,140
11/21/2003,142
11/24/2003,142
11/25/2003,143
11/26/2003,143
11/27/2003,144
11/28/2003,145
12/1/2003,146
12/2/2003,146
12/3/2003,147
12/4/2003,146
12/5/2003,145
12/8/2003,146
12/9/2003,145
12/10/2003,144
12/11/2003,143
12/12/2003,143
12/15/2003,142
12/16/2003,143
12/17/2003,142
12/18/2003,143
12/19/2003,143
12/22/2003,141
12/23/2003,139
12/24/2003,138
12/25/2003,138
12/26/2003,138
12/29/2003,138
12/30/2003,139
12/31/2003,141
1/1/2004,143
1/2/2004,145
1/5/2004,144
1/6/2004,144
1/7/2004,144
1/8/2004,144
1/9/2004,143
1/12/2004,145
1/13/2004,144
1/14/2004,144
1/15/2004,143
1/16/2004,144
1/19/2004,144
1/20/2004,144
1/21/2004,144
1/22/2004,143
1/23/2004,143
1/26/2004,142
1/27/2004,142
1/28/2004,142
1/29/2004,142
1/30/2004,143
2/2/2004,143
2/3/2004,143
2/4/2004,142
2/5/2004,142
2/6/2004,142
2/9/2004,143
2/10/2004,143
2/11/2004,143
2/12/2004,143
2/13/2004,142
2/16/2004,142
2/17/2004,141
2/18/2004,141
2/19/2004,141
2/20/2004,141
2/23/2004,144
2/24/2004,144
2/25/2004,144
2/26/2004,145
2/27/2004,145
3/1/2004,144
3/2/2004,143
3/3/2004,142
3/4/2004,142
3/5/2004,141
3/8/2004,140
3/9/2004,140
3/10/2004,139
3/11/2004,138
3/12/2004,138
3/15/2004,140
3/16/2004,141
3/17/2004,144
3/18/2004,146
3/19/2004,146
3/22/2004,149
3/23/2004,148
3/24/2004,148
3/25/2004,148
3/26/2004,147
3/29/2004,148
3/30/2004,149
3/31/2004,148
4/1/2004,149
4/2/2004,150
4/5/2004,149
4/6/2004,149
4/7/2004,149
4/8/2004,149
4/9/2004,148
4/12/2004,147
4/13/2004,144
4/14/2004,145
4/15/2004,143
4/16/2004,143
4/19/2004,143
4/20/2004,144
4/21/2004,142
4/22/2004,142
4/23/2004,141
4/26/2004,142
4/27/2004,143
4/28/2004,142
4/29/2004,143
4/30/2004,144
5/3/2004,145
5/4/2004,147
5/5/2004,147
5/6/2004,147
5/7/2004,148
5/10/2004,145
5/11/2004,143
5/12/2004,141
5/13/2004,140
5/14/2004,138
5/17/2004,139
5/18/2004,139
5/19/2004,139
5/20/2004,138
5/21/2004,138
5/24/2004,139
5/25/2004,139
5/26/2004,139
5/27/2004,138
5/28/2004,137
5/31/2004,139
6/1/2004,140
6/2/2004,139
6/3/2004,139
6/4/2004,139
6/7/2004,138
6/8/2004,138
6/9/2004,137
6/10/2004,136
6/11/2004,136
6/14/2004,136
6/15/2004,136
6/16/2004,136
6/17/2004,136
6/18/2004,136
6/21/2004,135
6/22/2004,133
6/23/2004,133
6/24/2004,131
6/25/2004,130
6/28/2004,129
6/29/2004,129
6/30/2004,128
7/1/2004,128
7/2/2004,125
7/5/2004,125
7/6/2004,125
7/7/2004,126
7/8/2004,126
7/9/2004,126
7/12/2004,126
7/13/2004,126
7/14/2004,126
7/15/2004,125
7/16/2004,125
7/19/2004,125
7/20/2004,124
7/21/2004,123
7/22/2004,123
7/23/2004,124
7/26/2004,123
7/27/2004,122
7/28/2004,120
7/29/2004,120
7/30/2004,118
8/2/2004,119
8/3/2004,119
8/4/2004,120
8/5/2004,121
8/6/2004,120
8/9/2004,120
8/10/2004,119
8/11/2004,117
8/12/2004,116
8/13/2004,116
8/16/2004,116
8/17/2004,117
8/18/2004,117
8/19/2004,119
8/20/2004,119
8/23/2004,121
8/24/2004,119
8/25/2004,119
8/26/2004,119
8/27/2004,119
8/30/2004,119
8/31/2004,120
9/1/2004,122
9/2/2004,122
9/3/2004,122
9/6/2004,123
9/7/2004,122
9/8/2004,123
9/9/2004,124
9/10/2004,127
9/13/2004,128
9/14/2004,128
9/15/2004,130
9/16/2004,130
9/17/2004,130
9/20/2004,130
9/21/2004,130
9/22/2004,129
9/23/2004,129
9/24/2004,129
9/27/2004,128
9/28/2004,128
9/29/2004,128
9/30/2004,127
10/1/2004,126
10/4/2004,126
10/5/2004,126
10/6/2004,125
10/7/2004,126
10/8/2004,125
10/11/2004,126
10/12/2004,127
10/13/2004,127
10/14/2004,128
10/15/2004,128
10/18/2004,128
10/19/2004,128
10/20/2004,127
10/21/2004,127
10/22/2004,127
10/25/2004,129
10/26/2004,129
10/27/2004,129
10/28/2004,130
10/29/2004,130
11/1/2004,130
11/2/2004,130
11/3/2004,130
11/4/2004,131
11/5/2004,131
11/8/2004,132
11/9/2004,132
11/10/2004,132
11/11/2004,132
11/12/2004,132
11/15/2004,132
11/16/2004,132
11/17/2004,133
11/18/2004,133
11/19/2004,132
11/22/2004,131
11/23/2004,131
11/24/2004,130
11/25/2004,130
11/26/2004,129
11/29/2004,129
11/30/2004,129
12/1/2004,128
12/2/2004,128
12/3/2004,130
12/6/2004,130
12/7/2004,129
12/8/2004,129
12/9/2004,130
12/10/2004,129
12/13/2004,129
12/14/2004,129
12/15/2004,129
12/16/2004,129
12/17/2004,129
12/20/2004,130
12/21/2004,130
12/22/2004,130
12/23/2004,131
12/24/2004,130
12/27/2004,130
12/28/2004,130
12/29/2004,130
12/30/2004,130
12/31/2004,130
1/3/2005,130
1/4/2005,129
1/5/2005,129
1/6/2005,130
1/7/2005,130
1/10/2005,130
1/11/2005,130
1/12/2005,130
1/13/2005,131
1/14/2005,130
1/17/2005,130
1/18/2005,130
1/19/2005,130
1/20/2005,130
1/21/2005,130
1/24/2005,129
1/25/2005,129
1/26/2005,129
1/27/2005,128
1/28/2005,127
1/31/2005,127
2/1/2005,127
2/2/2005,127
2/3/2005,127
2/4/2005,126
2/7/2005,127
2/8/2005,127
2/9/2005,127
2/10/2005,128
2/11/2005,128
2/14/2005,128
2/15/2005,127
2/16/2005,126
2/17/2005,126
2/18/2005,126
2/21/2005,127
2/22/2005,129
2/23/2005,129
2/24/2005,129
2/25/2005,131
2/28/2005,132
3/1/2005,131
3/2/2005,131
3/3/2005,130
3/4/2005,130
3/7/2005,129
3/8/2005,130
3/9/2005,130
3/10/2005,131
3/11/2005,132
3/14/2005,131
3/15/2005,132
3/16/2005,131
3/17/2005,132
3/18/2005,130
3/21/2005,129
3/22/2005,129
3/23/2005,128
3/24/2005,128
3/25/2005,128
3/28/2005,128
3/29/2005,127
3/30/2005,127
3/31/2005,126
4/1/2005,125
4/4/2005,125
4/5/2005,124
4/6/2005,124
4/7/2005,123
4/8/2005,123
4/11/2005,123
4/12/2005,123
4/13/2005,123
4/14/2005,123
4/15/2005,121
4/18/2005,122
4/19/2005,123
4/20/2005,123
4/21/2005,124
4/22/2005,124
4/25/2005,126
4/26/2005,126
4/27/2005,126
4/28/2005,126
4/29/2005,126
5/2/2005,125
5/3/2005,124
5/4/2005,124
5/5/2005,124
5/6/2005,124
5/9/2005,123
5/10/2005,124
5/11/2005,123
5/12/2005,123
5/13/2005,122
5/16/2005,123
5/17/2005,123
5/18/2005,124
5/19/2005,124
5/20/2005,124
5/23/2005,127
5/24/2005,126
5/25/2005,126
5/26/2005,127
5/27/2005,127
5/30/2005,127
5/31/2005,127
6/1/2005,127
6/2/2005,125
6/3/2005,125
6/6/2005,125
6/7/2005,125
6/8/2005,124
6/9/2005,124
6/10/2005,124
6/13/2005,124
6/14/2005,125
6/15/2005,126
6/16/2005,126
6/17/2005,126
6/20/2005,128
6/21/2005,128
6/22/2005,127
6/23/2005,127
6/24/2005,128
6/27/2005,127
6/28/2005,126
6/29/2005,126
6/30/2005,125
7/1/2005,125
7/4/2005,125
7/5/2005,126
7/6/2005,126
7/7/2005,125
7/8/2005,125
7/11/2005,125
7/12/2005,124
7/13/2005,124
7/14/2005,125
7/15/2005,125
7/18/2005,124
7/19/2005,123
7/20/2005,122
7/21/2005,121
7/22/2005,121
7/25/2005,121
7/26/2005,121
7/27/2005,122
7/28/2005,122
7/29/2005,122
8/1/2005,122
8/2/2005,123
8/3/2005,122
8/4/2005,122
8/5/2005,122
8/8/2005,122
8/9/2005,122
8/10/2005,122
8/11/2005,123
8/12/2005,123
8/15/2005,123
8/16/2005,123
8/17/2005,124
8/18/2005,125
8/19/2005,126
8/22/2005,126
8/23/2005,126
8/24/2005,127
8/25/2005,127
8/26/2005,128
8/29/2005,128
8/30/2005,128
8/31/2005,127
9/1/2005,127
9/2/2005,126
9/5/2005,126
9/6/2005,126
9/7/2005,125
9/8/2005,126
9/9/2005,126
9/12/2005,127
9/13/2005,128
9/14/2005,128
9/15/2005,128
9/16/2005,129
9/19/2005,129
9/20/2005,129
9/21/2005,130
9/22/2005,131
9/23/2005,132
9/26/2005,131
9/27/2005,131
9/28/2005,131
9/29/2005,131
9/30/2005,132
10/3/2005,132
10/4/2005,132
10/5/2005,131
10/6/2005,132
10/7/2005,131
10/10/2005,131
10/11/2005,131
10/12/2005,132
10/13/2005,132
10/14/2005,131
10/17/2005,131
10/18/2005,130
10/19/2005,129
10/20/2005,130
10/21/2005,129
10/24/2005,129
10/25/2005,129
10/26/2005,129
10/27/2005,130
10/28/2005,130
10/31/2005,129
11/1/2005,129
11/2/2005,128
11/3/2005,129
11/4/2005,129
11/7/2005,128
11/8/2005,129
11/9/2005,130
11/10/2005,130
11/11/2005,130
11/14/2005,130
11/15/2005,129
11/16/2005,129
11/17/2005,128
11/18/2005,128
11/21/2005,128
11/22/2005,127
11/23/2005,127
11/24/2005,127
11/25/2005,127
11/28/2005,127
11/29/2005,128
11/30/2005,129
12/1/2005,129
12/2/2005,129
12/5/2005,129
12/6/2005,128
12/7/2005,128
12/8/2005,128
12/9/2005,127
12/12/2005,128
12/13/2005,128
12/14/2005,128
12/15/2005,128
12/16/2005,128
12/19/2005,128
12/20/2005,129
12/21/2005,128
12/22/2005,129
12/23/2005,129
12/26/2005,129
12/27/2005,130
12/28/2005,131
12/29/2005,130
12/30/2005,131
1/2/2006,131
1/3/2006,131
1/4/2006,131
1/5/2006,131
1/6/2006,130
1/9/2006,129
1/10/2006,129
1/11/2006,129
1/12/2006,129
1/13/2006,129
1/16/2006,129
1/17/2006,129
1/18/2006,128
1/19/2006,129
1/20/2006,129
1/23/2006,129
1/24/2006,130
1/25/2006,132
1/26/2006,132
1/27/2006,133
1/30/2006,133
1/31/2006,133
2/1/2006,133
2/2/2006,134
2/3/2006,135
2/6/2006,135
2/7/2006,135
2/8/2006,136
2/9/2006,137
2/10/2006,137
2/13/2006,135
2/14/2006,135
2/15/2006,136
2/16/2006,137
2/17/2006,138
2/20/2006,138
2/21/2006,137
2/22/2006,137
2/23/2006,137
2/24/2006,137
2/27/2006,138
2/28/2006,138
3/1/2006,137
3/2/2006,138
3/3/2006,138
3/6/2006,137
3/7/2006,137
3/8/2006,138
3/9/2006,138
3/10/2006,138
3/13/2006,136
3/14/2006,135
3/15/2006,135
3/16/2006,134
3/17/2006,134
3/20/2006,133
3/21/2006,133
3/22/2006,133
3/23/2006,132
3/24/2006,131
3/27/2006,131
3/28/2006,132
3/29/2006,132
3/30/2006,133
3/31/2006,133
4/3/2006,133
4/4/2006,134
4/5/2006,134
4/6/2006,135
4/7/2006,135
4/10/2006,137
4/11/2006,139
4/12/2006,138
4/13/2006,138
4/14/2006,138
4/17/2006,137
4/18/2006,138
4/19/2006,138
4/20/2006,137
4/21/2006,137
4/24/2006,136
4/25/2006,137
4/26/2006,137
4/27/2006,135
4/28/2006,136
5/1/2006,137
5/2/2006,137
5/3/2006,137
5/4/2006,138
5/5/2006,139
5/8/2006,140
5/9/2006,142
5/10/2006,142
5/11/2006,143
5/12/2006,145
5/15/2006,145
5/16/2006,146
5/17/2006,148
5/18/2006,148
5/19/2006,148
5/22/2006,149
5/23/2006,148
5/24/2006,148
5/25/2006,147
5/26/2006,148
5/29/2006,148
5/30/2006,148
5/31/2006,147
6/1/2006,146
6/2/2006,147
6/5/2006,147
6/6/2006,145
6/7/2006,146
6/8/2006,145
6/9/2006,144
6/12/2006,144
6/13/2006,143
6/14/2006,142
6/15/2006,141
6/16/2006,141
6/19/2006,142
6/20/2006,143
6/21/2006,145
6/22/2006,146
6/23/2006,146
6/26/2006,147
6/27/2006,149
6/28/2006,148
6/29/2006,149
6/30/2006,150
7/3/2006,151
7/4/2006,152
7/5/2006,152
7/6/2006,153
7/7/2006,151
7/10/2006,152
7/11/2006,153
7/12/2006,152
7/13/2006,149
7/14/2006,149
7/17/2006,148
7/18/2006,149
7/19/2006,148
7/20/2006,150
7/21/2006,150
7/24/2006,149
7/25/2006,148
7/26/2006,146
7/27/2006,147
7/28/2006,147
7/31/2006,148
8/1/2006,146
8/2/2006,147
8/3/2006,147
8/4/2006,147
8/7/2006,147
8/8/2006,147
8/9/2006,147
8/10/2006,147
8/11/2006,146
8/14/2006,145
8/15/2006,145
8/16/2006,145
8/17/2006,144
8/18/2006,145
8/21/2006,145
8/22/2006,144
8/23/2006,145
8/24/2006,147
8/25/2006,147
8/28/2006,148
8/29/2006,149
8/30/2006,151
8/31/2006,153
9/1/2006,153
9/4/2006,154
9/5/2006,154
9/6/2006,154
9/7/2006,154
9/8/2006,154
9/11/2006,154
9/12/2006,152
9/13/2006,151
9/14/2006,150
9/15/2006,150
9/18/2006,151
9/19/2006,153
9/20/2006,153
9/21/2006,154
9/22/2006,154
9/25/2006,154
9/26/2006,156
9/27/2006,156
9/28/2006,159
9/29/2006,159
10/2/2006,160
10/3/2006,159
10/4/2006,162
10/5/2006,162
10/6/2006,162
10/9/2006,166
10/10/2006,165
10/11/2006,170
10/12/2006,169
10/13/2006,172
10/16/2006,173
10/17/2006,171
10/18/2006,170
10/19/2006,170
10/20/2006,170
10/23/2006,171
10/24/2006,171
10/25/2006,171
10/26/2006,170
10/27/2006,170
10/30/2006,169
10/31/2006,168
11/1/2006,168
11/2/2006,169
11/3/2006,169
11/6/2006,169
11/7/2006,169
11/8/2006,170
11/9/2006,168
11/10/2006,168
11/13/2006,168
11/14/2006,169
11/15/2006,169
11/16/2006,168
11/17/2006,169
11/20/2006,169
11/21/2006,169
11/22/2006,170
11/23/2006,170
11/24/2006,171
11/27/2006,171
11/28/2006,171
11/29/2006,171
11/30/2006,173
12/1/2006,174
12/4/2006,173
12/5/2006,173
12/6/2006,170
12/7/2006,169
12/8/2006,168
12/11/2006,168
12/12/2006,168
12/13/2006,169
12/14/2006,169
12/15/2006,169
12/18/2006,169
12/19/2006,169
12/20/2006,169
12/21/2006,170
12/22/2006,171
12/25/2006,171
12/26/2006,171
12/27/2006,170
12/28/2006,170
12/29/2006,170
1/1/2007,170
1/2/2007,169
1/3/2007,166
1/4/2007,165
1/5/2007,164
1/8/2007,164
1/9/2007,163
1/10/2007,163
1/11/2007,164
1/12/2007,167
1/15/2007,168
1/16/2007,166
1/17/2007,167
1/18/2007,167
1/19/2007,166
1/22/2007,166
1/23/2007,167
1/24/2007,166
1/25/2007,166
1/26/2007,165
1/29/2007,164
1/30/2007,164
1/31/2007,165
2/1/2007,165
2/2/2007,165
2/5/2007,165
2/6/2007,164
2/7/2007,165
2/8/2007,166
2/9/2007,166
2/12/2007,166
2/13/2007,167
2/14/2007,166
2/15/2007,167
2/16/2007,169
2/19/2007,169
2/20/2007,169
2/21/2007,171
2/22/2007,172
2/23/2007,172
2/26/2007,172
2/27/2007,171
2/28/2007,171
3/1/2007,170
3/2/2007,170
3/5/2007,170
3/6/2007,170
3/7/2007,170
3/8/2007,170
3/9/2007,170
3/12/2007,170
3/13/2007,169
3/14/2007,169
3/15/2007,168
3/16/2007,169
3/19/2007,168
3/20/2007,169
3/21/2007,170
3/22/2007,171
3/23/2007,171
3/26/2007,171
3/27/2007,170
3/28/2007,170
3/29/2007,170
3/30/2007,168
4/2/2007,168
4/3/2007,167
4/4/2007,168
4/5/2007,170
4/6/2007,169
4/9/2007,171
4/10/2007,173
4/11/2007,173
4/12/2007,174
4/13/2007,177
4/16/2007,177
4/17/2007,177
4/18/2007,177
4/19/2007,179
4/20/2007,180
4/23/2007,179
4/24/2007,179
4/25/2007,181
4/26/2007,181
4/27/2007,180
4/30/2007,178
5/1/2007,178
5/2/2007,178
5/3/2007,177
5/4/2007,177
5/7/2007,177
5/8/2007,175
5/9/2007,175
5/10/2007,175
5/11/2007,175
5/14/2007,175
5/15/2007,176
5/16/2007,175
5/17/2007,173
5/18/2007,172
5/21/2007,172
5/22/2007,172
5/23/2007,173
5/24/2007,175
5/25/2007,177
5/28/2007,177
5/29/2007,176
5/30/2007,179
5/31/2007,181
6/1/2007,181
6/4/2007,181
6/5/2007,182
6/6/2007,181
6/7/2007,181
6/8/2007,182
6/11/2007,186
6/12/2007,188
6/13/2007,192
6/14/2007,194
6/15/2007,195
6/18/2007,195
6/19/2007,193
6/20/2007,195
6/21/2007,196
6/22/2007,195
6/25/2007,196
6/26/2007,199
6/27/2007,199
6/28/2007,201
6/29/2007,201
7/2/2007,201
7/3/2007,201
7/4/2007,201
7/5/2007,204
7/6/2007,205
7/9/2007,204
7/10/2007,205
7/11/2007,207
7/12/2007,209
7/13/2007,209
7/16/2007,207
7/17/2007,207
7/18/2007,210
7/19/2007,210
7/20/2007,210
7/23/2007,212
7/24/2007,215
7/25/2007,215
7/26/2007,218
7/27/2007,219
7/30/2007,217
7/31/2007,217
8/1/2007,217
8/2/2007,218
8/3/2007,219
8/6/2007,221
8/7/2007,222
8/8/2007,225
8/9/2007,225
8/10/2007,225
8/13/2007,225
8/14/2007,227
8/15/2007,226
8/16/2007,225
8/17/2007,225
8/20/2007,226
8/21/2007,228
8/22/2007,232
8/23/2007,234
8/24/2007,236
8/27/2007,238
8/28/2007,240
8/29/2007,243
8/30/2007,247
8/31/2007,249
9/3/2007,251
9/4/2007,258
9/5/2007,265
9/6/2007,266
9/7/2007,270
9/10/2007,274
9/11/2007,278
9/12/2007,276
9/13/2007,274
9/14/2007,276
9/17/2007,280
9/18/2007,280
9/19/2007,277
9/20/2007,278
9/21/2007,282
9/24/2007,285
9/25/2007,288
9/26/2007,296
9/27/2007,300
9/28/2007,304
10/1/2007,306
10/2/2007,301
10/3/2007,303
10/4/2007,300
10/5/2007,298
10/8/2007,294
10/9/2007,291
10/10/2007,292
10/11/2007,296
10/12/2007,294
10/15/2007,291
10/16/2007,289
10/17/2007,288
10/18/2007,289
10/19/2007,292
10/22/2007,294
10/23/2007,290
10/24/2007,284
10/25/2007,283
10/26/2007,282
10/29/2007,286
10/30/2007,284
10/31/2007,283
11/1/2007,279
11/2/2007,279
11/5/2007,280
11/6/2007,283
11/7/2007,282
11/8/2007,278
11/9/2007,277
11/12/2007,276
11/13/2007,275
11/14/2007,276
11/15/2007,278
11/16/2007,275
11/19/2007,279
11/20/2007,283
11/21/2007,290
11/22/2007,291
11/23/2007,295
11/26/2007,295
11/27/2007,299
11/28/2007,304
11/29/2007,307
11/30/2007,309
12/3/2007,304
12/4/2007,308
12/5/2007,309
12/6/2007,312
12/7/2007,317
12/10/2007,320
12/11/2007,320
12/12/2007,326
12/13/2007,329
12/14/2007,334
12/17/2007,332
12/18/2007,332
12/19/2007,335
12/20/2007,332
12/21/2007,330
12/24/2007,328
12/25/2007,328
12/26/2007,327
12/27/2007,324
12/28/2007,320
12/31/2007,322
1/1/2008,324
1/2/2008,327
1/3/2008,331
1/4/2008,330
1/7/2008,326
1/8/2008,329
1/9/2008,327
1/10/2008,327
1/11/2008,331
1/14/2008,334
1/15/2008,340
1/16/2008,343
1/17/2008,347
1/18/2008,353
1/21/2008,354
1/22/2008,353
1/23/2008,352
1/24/2008,354
1/25/2008,359
1/28/2008,363
1/29/2008,364
1/30/2008,363
1/31/2008,366
2/1/2008,368
2/4/2008,383
2/5/2008,381
2/6/2008,390
2/7/2008,402
2/8/2008,427
2/11/2008,423
2/12/2008,421
2/13/2008,423
2/14/2008,431
2/15/2008,432
2/18/2008,433
2/19/2008,432
2/20/2008,428
2/21/2008,430
2/22/2008,435
2/25/2008,444
2/26/2008,450
2/27/2008,446
2/28/2008,432
2/29/2008,429
3/3/2008,435
3/4/2008,430
3/5/2008,426
3/6/2008,417
3/7/2008,403
3/10/2008,407
3/11/2008,415
3/12/2008,432
3/13/2008,428
3/14/2008,424
3/17/2008,408
3/18/2008,410
3/19/2008,398
3/20/2008,380
3/21/2008,377
3/24/2008,385
3/25/2008,389
3/26/2008,383
3/27/2008,378
3/28/2008,373
3/31/2008,365
4/1/2008,361
4/2/2008,368
4/3/2008,372
4/4/2008,384
4/7/2008,376
4/8/2008,371
4/9/2008,370
4/10/2008,369
4/11/2008,364
4/14/2008,362
4/15/2008,361
4/16/2008,358
4/17/2008,356
4/18/2008,353
4/21/2008,347
4/22/2008,342
4/23/2008,335
4/24/2008,330
4/25/2008,326
4/28/2008,327
4/29/2008,323
4/30/2008,323
5/1/2008,321
5/2/2008,319
5/5/2008,317
5/6/2008,320
5/7/2008,317
5/8/2008,320
5/9/2008,318
5/12/2008,318
5/13/2008,315
5/14/2008,312
5/15/2008,311
5/16/2008,310
5/19/2008,312
5/20/2008,312
5/21/2008,310
5/22/2008,306
5/23/2008,311
5/26/2008,307
5/27/2008,306
5/28/2008,304
5/29/2008,307
5/30/2008,310
6/2/2008,309
6/3/2008,297
6/4/2008,295
6/5/2008,298
6/6/2008,300
6/9/2008,300
6/10/2008,303
6/11/2008,310
6/12/2008,309
6/13/2008,309
6/16/2008,307
6/17/2008,310
6/18/2008,310
6/19/2008,308
6/20/2008,306
6/23/2008,305
6/24/2008,305
6/25/2008,309
6/26/2008,314
6/27/2008,313
6/30/2008,304
7/1/2008,302
7/2/2008,301
7/3/2008,300
7/4/2008,297
7/7/2008,286
7/8/2008,282
7/9/2008,279
7/10/2008,275
7/11/2008,275
7/14/2008,273
7/15/2008,272
7/16/2008,274
7/17/2008,272
7/18/2008,270
7/21/2008,270
7/22/2008,271
7/23/2008,268
7/24/2008,269
7/25/2008,268
7/28/2008,267
7/29/2008,266
7/30/2008,266
7/31/2008,265
8/1/2008,267
8/4/2008,264
8/5/2008,265
8/6/2008,263
8/7/2008,269
8/8/2008,263
8/11/2008,266
8/12/2008,268
8/13/2008,274
8/14/2008,276
8/15/2008,273
8/18/2008,276
8/19/2008,275
8/20/2008,278
8/21/2008,282
8/22/2008,279
8/25/2008,274
8/26/2008,270
8/27/2008,267
8/28/2008,264
8/29/2008,263
9/1/2008,259
9/2/2008,254
9/3/2008,253
9/4/2008,252
9/5/2008,250
9/8/2008,250
9/9/2008,247
9/10/2008,245
9/11/2008,243
9/12/2008,243
9/15/2008,243
9/16/2008,239
9/17/2008,242
9/18/2008,239
9/19/2008,241
9/22/2008,242
9/23/2008,244
9/24/2008,240
9/25/2008,241
9/26/2008,239
9/29/2008,232
9/30/2008,231
10/1/2008,227
10/2/2008,222
10/3/2008,221
10/6/2008,217
10/7/2008,215
10/8/2008,213
10/9/2008,211
10/10/2008,203
10/13/2008,203
10/14/2008,201
10/15/2008,199
10/16/2008,197
10/17/2008,199
10/20/2008,199
10/21/2008,196
10/22/2008,191
10/23/2008,190
10/24/2008,191
10/27/2008,191
10/28/2008,190
10/29/2008,196
10/30/2008,194
10/31/2008,195
11/3/2008,196
11/4/2008,198
11/5/2008,194
11/6/2008,193
11/7/2008,193
11/10/2008,193
11/11/2008,193
11/12/2008,195
11/13/2008,196
11/14/2008,196
11/17/2008,192
11/18/2008,190
11/19/2008,189
11/20/2008,186
11/21/2008,184
11/24/2008,188
11/25/2008,188
11/26/2008,188
11/27/2008,188
11/28/2008,196
12/1/2008,192
12/2/2008,190
12/3/2008,188
12/4/2008,182
12/5/2008,180
12/8/2008,183
12/9/2008,184
12/10/2008,187
12/11/2008,188
12/12/2008,190
12/15/2008,190
12/16/2008,193
12/17/2008,194
12/18/2008,197
12/19/2008,196
12/22/2008,197
12/23/2008,198
12/24/2008,199
12/25/2008,199
12/26/2008,200
12/29/2008,201
12/30/2008,203
12/31/2008,204
1/1/2009,203
1/2/2009,203
1/5/2009,206
1/6/2009,211
1/7/2009,208
1/8/2009,208
1/9/2009,210
1/12/2009,200
1/13/2009,200
1/14/2009,200
1/15/2009,200
1/16/2009,202
1/19/2009,202
1/20/2009,198
1/21/2009,201
1/22/2009,201
1/23/2009,204
1/26/2009,205
1/27/2009,204
1/28/2009,206
1/29/2009,204
1/30/2009,203
2/2/2009,201
2/3/2009,200
2/4/2009,198
2/5/2009,201
2/6/2009,201
2/9/2009,201
2/10/2009,200
2/11/2009,197
2/12/2009,194
2/13/2009,193
2/16/2009,192
2/17/2009,189
2/18/2009,188
2/19/2009,189
2/20/2009,190
2/23/2009,189
2/24/2009,190
2/25/2009,191
2/26/2009,190
2/27/2009,191
3/2/2009,188
3/3/2009,188
3/4/2009,191
3/5/2009,191
3/6/2009,194
3/9/2009,193
3/10/2009,195
3/11/2009,192
3/12/2009,194
3/13/2009,194
3/16/2009,197
3/17/2009,198
3/18/2009,196
3/19/2009,198
3/20/2009,199
3/23/2009,198
3/24/2009,196
3/25/2009,191
3/26/2009,191
3/27/2009,190
3/30/2009,190
3/31/2009,194
4/1/2009,194
4/2/2009,198
4/3/2009,201
4/6/2009,199
4/7/2009,196
4/8/2009,196
4/9/2009,195
4/10/2009,194
4/13/2009,194
4/14/2009,193
4/15/2009,192
4/16/2009,193
4/17/2009,193
4/20/2009,191
4/21/2009,192
4/22/2009,195
4/23/2009,197
4/24/2009,197
4/27/2009,190
4/28/2009,191
4/29/2009,193
4/30/2009,194
5/1/2009,197
5/4/2009,199
5/5/2009,200
5/6/2009,200
5/7/2009,202
5/8/2009,204
5/11/2009,204
5/12/2009,205
5/13/2009,206
5/14/2009,207
5/15/2009,204
5/18/2009,206
5/19/2009,206
5/20/2009,208
5/21/2009,208
5/22/2009,211
5/25/2009,212
5/26/2009,213
5/27/2009,216
5/28/2009,217
5/29/2009,217
6/1/2009,221
6/2/2009,221
6/3/2009,213
6/4/2009,216
6/5/2009,213
6/8/2009,209
6/9/2009,210
6/10/2009,208
6/11/2009,208
6/12/2009,205
6/15/2009,203
6/16/2009,202
6/17/2009,201
6/18/2009,200
6/19/2009,199
6/22/2009,197
6/23/2009,197
6/24/2009,196
6/25/2009,195
6/26/2009,194
6/29/2009,192
6/30/2009,190
7/1/2009,188
7/2/2009,187
7/3/2009,186
7/6/2009,185
7/7/2009,184
7/8/2009,184
7/9/2009,184
7/10/2009,183
7/13/2009,186
7/14/2009,184
7/15/2009,186
7/16/2009,187
7/17/2009,188
7/20/2009,187
7/21/2009,186
7/22/2009,184
7/23/2009,184
7/24/2009,183
7/27/2009,183
7/28/2009,184
7/29/2009,183
7/30/2009,182
7/31/2009,183
8/3/2009,184
8/4/2009,184
8/5/2009,182
8/6/2009,178
8/7/2009,176
8/10/2009,176
8/11/2009,175
8/12/2009,174
8/13/2009,172
8/14/2009,172
8/17/2009,171
8/18/2009,169
8/19/2009,169
8/20/2009,167
8/21/2009,167
8/24/2009,168
8/25/2009,168
8/26/2009,168
8/27/2009,168
8/28/2009,166
8/31/2009,167
9/1/2009,166
9/2/2009,167
9/3/2009,166
9/4/2009,166
9/7/2009,166
9/8/2009,165
9/9/2009,164
9/10/2009,165
9/11/2009,166
9/14/2009,166
9/15/2009,169
9/16/2009,170
9/17/2009,172
9/18/2009,172
9/21/2009,171
9/22/2009,170
9/23/2009,171
9/24/2009,172
9/25/2009,171
9/28/2009,170
9/29/2009,170
9/30/2009,171
10/1/2009,171
10/2/2009,170
10/5/2009,170
10/6/2009,172
10/7/2009,173
10/8/2009,174
10/9/2009,173
10/12/2009,176
10/13/2009,179
10/14/2009,180
10/15/2009,179
10/16/2009,179
10/19/2009,180
10/20/2009,181
10/21/2009,183
10/22/2009,185
10/23/2009,185
10/26/2009,182
10/27/2009,179
10/28/2009,177
10/29/2009,177
10/30/2009,176
11/2/2009,178
11/3/2009,179
11/4/2009,180
11/5/2009,179
11/6/2009,177
11/9/2009,179
11/10/2009,181
11/11/2009,183
11/12/2009,183
11/13/2009,186
11/16/2009,189
11/17/2009,191
11/18/2009,190
11/19/2009,189
11/20/2009,188
11/23/2009,188
11/24/2009,186
11/25/2009,187
11/26/2009,188
11/27/2009,189
11/30/2009,191
12/1/2009,192
12/2/2009,191
12/3/2009,190
12/4/2009,189
12/7/2009,187
12/8/2009,185
12/9/2009,184
12/10/2009,184
12/11/2009,183
12/14/2009,183
12/15/2009,182
12/16/2009,181
12/17/2009,179
12/18/2009,179
12/21/2009,178
12/22/2009,179
12/23/2009,180
12/24/2009,180
12/25/2009,180
12/28/2009,182
12/29/2009,182
12/30/2009,183
12/31/2009,182
1/1/2010,184
1/4/2010,185
1/5/2010,185
1/6/2010,186
1/7/2010,185
1/8/2010,187
1/11/2010,187
1/12/2010,182
1/13/2010,181
1/14/2010,180
1/15/2010,177
1/18/2010,176
1/19/2010,175
1/20/2010,174
1/21/2010,174
1/22/2010,175
1/25/2010,175
1/26/2010,175
1/27/2010,173
1/28/2010,174
1/29/2010,172
2/1/2010,172
2/2/2010,174
2/3/2010,172
2/4/2010,172
2/5/2010,171
2/8/2010,172
2/9/2010,171
2/10/2010,173
2/11/2010,172
2/12/2010,172
2/15/2010,172
2/16/2010,174
2/17/2010,173
2/18/2010,172
2/19/2010,172
2/22/2010,173
2/23/2010,172
2/24/2010,173
2/25/2010,172
2/26/2010,173
3/1/2010,172
3/2/2010,171
3/3/2010,173
3/4/2010,171
3/5/2010,171
3/8/2010,171
3/9/2010,170
3/10/2010,169
3/11/2010,169
3/12/2010,170
3/15/2010,169
3/16/2010,170
3/17/2010,171
3/18/2010,171
3/19/2010,170
3/22/2010,170
3/23/2010,169
3/24/2010,169
3/25/2010,167
3/26/2010,167
3/29/2010,167
3/30/2010,169
3/31/2010,166
4/1/2010,167
4/2/2010,167
4/5/2010,167
4/6/2010,169
4/7/2010,171
4/8/2010,171
4/9/2010,171
4/12/2010,171
4/13/2010,172
4/14/2010,172
4/15/2010,173
4/16/2010,175
4/19/2010,172
4/20/2010,174
4/21/2010,174
4/22/2010,175
4/23/2010,174
4/26/2010,172
4/27/2010,172
4/28/2010,172
4/29/2010,172
4/30/2010,173
5/3/2010,173
5/4/2010,175
5/5/2010,175
5/6/2010,174
5/7/2010,174
5/10/2010,171
5/11/2010,171
5/12/2010,170
5/13/2010,168
5/14/2010,167
5/17/2010,167
5/18/2010,167
5/19/2010,168
5/20/2010,167
5/21/2010,168
5/24/2010,167
5/25/2010,166
5/26/2010,167
5/27/2010,167
5/28/2010,166
5/31/2010,166
6/1/2010,165
6/2/2010,164
6/3/2010,163
6/4/2010,160
6/7/2010,159
6/8/2010,159
6/9/2010,158
6/10/2010,159
6/11/2010,160
6/14/2010,162
6/15/2010,163
6/16/2010,164
6/17/2010,166
6/18/2010,167
6/21/2010,167
6/22/2010,166
6/23/2010,165
6/24/2010,165
6/25/2010,163
6/28/2010,162
6/29/2010,162
6/30/2010,164
7/1/2010,166
7/2/2010,167
7/5/2010,168
7/6/2010,170
7/7/2010,174
7/8/2010,177
7/9/2010,176
7/12/2010,176
7/13/2010,178
7/14/2010,180
7/15/2010,187
7/16/2010,189
7/19/2010,187
7/20/2010,187
7/21/2010,189
7/22/2010,191
7/23/2010,192
7/26/2010,192
7/27/2010,194
7/28/2010,198
7/29/2010,202
7/30/2010,210
8/2/2010,217
8/3/2010,219
8/4/2010,226
8/5/2010,238
8/6/2010,235
8/9/2010,231
8/10/2010,229
8/11/2010,227
8/12/2010,231
8/13/2010,233
8/16/2010,229
8/17/2010,227
8/18/2010,228
8/19/2010,232
8/20/2010,234
8/23/2010,238
8/24/2010,237
8/25/2010,234
8/26/2010,236
8/27/2010,240
8/30/2010,244
8/31/2010,245
9/1/2010,249
9/2/2010,253
9/3/2010,257
9/6/2010,259
9/7/2010,259
9/8/2010,257
9/9/2010,261
9/10/2010,264
9/13/2010,266
9/14/2010,262
9/15/2010,262
9/16/2010,261
9/17/2010,264
9/20/2010,263
9/21/2010,262
9/22/2010,262
9/23/2010,259
9/24/2010,260
9/27/2010,257
9/28/2010,254
9/29/2010,252
9/30/2010,251
10/1/2010,248
10/4/2010,247
10/5/2010,249
10/6/2010,249
10/7/2010,254
10/8/2010,263
10/11/2010,264
10/12/2010,264
10/13/2010,263
10/14/2010,262
10/15/2010,263
10/18/2010,261
10/19/2010,257
10/20/2010,257
10/21/2010,255
10/22/2010,255
10/25/2010,256
10/26/2010,259
10/27/2010,261
10/28/2010,265
10/29/2010,266
11/1/2010,266
11/2/2010,266
11/3/2010,265
11/4/2010,269
11/5/2010,271
11/8/2010,272
11/9/2010,269
11/10/2010,266
11/11/2010,265
11/12/2010,261
11/15/2010,261
11/16/2010,256
11/17/2010,255
11/18/2010,258
11/19/2010,257
11/22/2010,257
11/23/2010,258
11/24/2010,258
11/25/2010,259
11/26/2010,260
11/29/2010,262
11/30/2010,263
12/1/2010,272
12/2/2010,275
12/3/2010,281
12/6/2010,285
12/7/2010,286
12/8/2010,289
12/9/2010,290
12/10/2010,289
12/13/2010,289
12/14/2010,285
12/15/2010,284
12/16/2010,281
12/17/2010,282
12/20/2010,286
12/21/2010,288
12/22/2010,290
12/23/2010,291
12/24/2010,292
12/27/2010,292
12/28/2010,295
12/29/2010,295
12/30/2010,293
12/31/2010,294
1/3/2011,295
1/4/2011,293
1/5/2011,296
1/6/2011,293
1/7/2011,290
1/10/2011,289
1/11/2011,289
1/12/2011,292
1/13/2011,295
1/14/2011,295
1/17/2011,295
1/18/2011,297
1/19/2011,299
1/20/2011,300
1/21/2011,303
1/24/2011,304
1/25/2011,306
1/26/2011,310
1/27/2011,309
1/28/2011,306
1/31/2011,309
2/1/2011,310
2/2/2011,315
2/3/2011,315
2/4/2011,315
2/7/2011,316
2/8/2011,319
2/9/2011,322
2/10/2011,321
2/11/2011,323
2/14/2011,323
2/15/2011,317
2/16/2011,313
2/17/2011,316
2/18/2011,313
2/21/2011,311
2/22/2011,303
2/23/2011,301
2/24/2011,298
2/25/2011,302
2/28/2011,304
3/1/2011,305
3/2/2011,305
3/3/2011,307
3/4/2011,308
3/7/2011,304
3/8/2011,298
3/9/2011,293
3/10/2011,289
3/11/2011,284
3/14/2011,285
3/15/2011,278
3/16/2011,276
3/17/2011,284
3/18/2011,288
3/21/2011,289
3/22/2011,290
3/23/2011,289
3/24/2011,292
3/25/2011,293
3/28/2011,293
3/29/2011,294
3/30/2011,294
3/31/2011,301
4/1/2011,301
4/4/2011,307
4/5/2011,308
4/6/2011,309
4/7/2011,307
4/8/2011,309
4/11/2011,307
4/12/2011,303
4/13/2011,300
4/14/2011,296
4/15/2011,296
4/18/2011,302
4/19/2011,306
4/20/2011,307
4/21/2011,311
4/22/2011,312
4/25/2011,316
4/26/2011,316
4/27/2011,311
4/28/2011,306
4/29/2011,309
5/2/2011,308
5/3/2011,307
5/4/2011,303
5/5/2011,299
5/6/2011,301
5/9/2011,306
5/10/2011,308
5/11/2011,303
5/12/2011,297
5/13/2011,295
5/16/2011,297
5/17/2011,301
5/18/2011,310
5/19/2011,313
5/20/2011,313
5/23/2011,314
5/24/2011,312
5/25/2011,316
5/26/2011,320
5/27/2011,322
5/30/2011,321
5/31/2011,316
6/1/2011,306
6/2/2011,308
6/3/2011,312
6/6/2011,309
6/7/2011,304
6/8/2011,307
6/9/2011,306
6/10/2011,304
6/13/2011,300
6/14/2011,299
6/15/2011,295
6/16/2011,290
6/17/2011,287
6/20/2011,285
6/21/2011,283
6/22/2011,276
6/23/2011,270
6/24/2011,268
6/27/2011,260
6/28/2011,263
6/29/2011,264
6/30/2011,256
7/1/2011,255
7/4/2011,255
7/5/2011,258
7/6/2011,258
7/7/2011,259
7/8/2011,260
7/11/2011,258
7/12/2011,260
7/13/2011,264
7/14/2011,266
7/15/2011,264
7/18/2011,264
7/19/2011,265
7/20/2011,268
7/21/2011,265
7/22/2011,266
7/25/2011,264
7/26/2011,264
7/27/2011,265
7/28/2011,265
7/29/2011,261
8/1/2011,260
8/2/2011,263
8/3/2011,263
8/4/2011,259
8/5/2011,258
8/8/2011,254
8/9/2011,256
8/10/2011,259
8/11/2011,263
8/12/2011,260
8/15/2011,261
8/16/2011,262
8/17/2011,264
8/18/2011,261
8/19/2011,266
8/22/2011,267
8/23/2011,271
8/24/2011,269
8/25/2011,272
8/26/2011,273
8/29/2011,274
8/30/2011,272
8/31/2011,273
9/1/2011,271
9/2/2011,272
9/5/2011,271
9/6/2011,270
9/7/2011,268
9/8/2011,265
9/9/2011,264
9/12/2011,263
9/13/2011,260
9/14/2011,256
9/15/2011,256
9/16/2011,254
9/19/2011,251
9/20/2011,251
9/21/2011,250
9/22/2011,244
9/23/2011,247
9/26/2011,249
9/27/2011,250
9/28/2011,248
9/29/2011,250
9/30/2011,246
10/3/2011,244
10/4/2011,239
10/5/2011,241
10/6/2011,244
10/7/2011,244
10/10/2011,245
10/11/2011,250
10/12/2011,246
10/13/2011,243
10/14/2011,244
10/17/2011,243
10/18/2011,244
10/19/2011,245
10/20/2011,245
10/21/2011,245
10/24/2011,245
10/25/2011,245
10/26/2011,243
10/27/2011,246
10/28/2011,245
10/31/2011,243
11/1/2011,241
11/2/2011,242
11/3/2011,243
11/4/2011,245
11/7/2011,246
11/8/2011,249
11/9/2011,247
11/10/2011,245
11/11/2011,244
11/14/2011,243
11/15/2011,243
11/16/2011,243
11/17/2011,240
11/18/2011,238
11/21/2011,235
11/22/2011,232
11/23/2011,229
11/24/2011,229
11/25/2011,228
11/28/2011,229
11/29/2011,232
11/30/2011,232
12/1/2011,231
12/2/2011,232
12/5/2011,231
12/6/2011,230
12/7/2011,230
12/8/2011,228
12/9/2011,228
12/12/2011,228
12/13/2011,228
12/14/2011,225
12/15/2011,225
12/16/2011,225
12/19/2011,229
12/20/2011,231
12/21/2011,232
12/22/2011,232
12/23/2011,232
12/26/2011,232
12/27/2011,235
12/28/2011,237
12/29/2011,237
12/30/2011,237
1/2/2012,237
1/3/2012,239
1/4/2012,238
1/5/2012,234
1/6/2012,232
1/9/2012,234
1/10/2012,235
1/11/2012,236
1/12/2012,232
1/13/2012,231
1/16/2012,231
1/17/2012,232
1/18/2012,231
1/19/2012,231
1/20/2012,232
1/23/2012,233
1/24/2012,235
1/25/2012,239
1/26/2012,241
1/27/2012,241
1/30/2012,240
1/31/2012,243
2/1/2012,246
2/2/2012,245
2/3/2012,246
2/6/2012,247
2/7/2012,247
2/8/2012,248
2/9/2012,246
2/10/2012,243
2/13/2012,243
2/14/2012,241
2/15/2012,240
2/16/2012,241
2/17/2012,243
2/20/2012,244
2/21/2012,242
2/22/2012,242
2/23/2012,241
2/24/2012,240
2/27/2012,241
2/28/2012,243
2/29/2012,244
3/1/2012,245
3/2/2012,246
3/5/2012,246
3/6/2012,242
3/7/2012,241
3/8/2012,240
3/9/2012,241
3/12/2012,243
3/13/2012,242
3/14/2012,241
3/15/2012,244
3/16/2012,246
3/19/2012,242
3/20/2012,240
3/21/2012,239
3/22/2012,240
3/23/2012,241
3/26/2012,243
3/27/2012,240
3/28/2012,238
3/29/2012,235
3/30/2012,243
4/2/2012,246
4/3/2012,246
4/4/2012,244
4/5/2012,243
4/6/2012,243
4/9/2012,243
4/10/2012,242
4/11/2012,242
4/12/2012,243
4/13/2012,240
4/16/2012,238
4/17/2012,238
4/18/2012,237
4/19/2012,239
4/20/2012,237
4/23/2012,237
4/24/2012,236
4/25/2012,236
4/26/2012,234
4/27/2012,236
4/30/2012,237
5/1/2012,236
5/2/2012,231
5/3/2012,230
5/4/2012,228
5/7/2012,227
5/8/2012,228
5/9/2012,226
5/10/2012,227
5/11/2012,227
5/14/2012,227
5/15/2012,230
5/16/2012,233
5/17/2012,235
5/18/2012,239
5/21/2012,242
5/22/2012,239
5/23/2012,237
5/24/2012,237
5/25/2012,240
5/28/2012,240
5/29/2012,237
5/30/2012,236
5/31/2012,234
6/1/2012,231
6/4/2012,232
6/5/2012,229
6/6/2012,232
6/7/2012,236
6/8/2012,234
6/11/2012,234
6/12/2012,230
6/13/2012,230
6/14/2012,233
6/15/2012,231
6/18/2012,233
6/19/2012,235
6/20/2012,238
6/21/2012,238
6/22/2012,240
6/25/2012,248
6/26/2012,250
6/27/2012,252
6/28/2012,251
6/29/2012,251
7/2/2012,255
7/3/2012,262
7/4/2012,263
7/5/2012,271
7/6/2012,268
7/9/2012,273
7/10/2012,271
7/11/2012,272
7/12/2012,277
7/13/2012,277
7/16/2012,284
7/17/2012,286
7/18/2012,288
7/19/2012,295
7/20/2012,296
7/23/2012,292
7/24/2012,283
7/25/2012,287
7/26/2012,284
7/27/2012,286
7/30/2012,289
7/31/2012,285
8/1/2012,282
8/2/2012,279
8/3/2012,283
8/6/2012,283
8/7/2012,284
8/8/2012,285
8/9/2012,288
8/10/2012,283
8/13/2012,278
8/14/2012,275
8/15/2012,276
8/16/2012,278
8/17/2012,280
8/20/2012,283
8/21/2012,287
8/22/2012,287
8/23/2012,283
8/24/2012,282
8/27/2012,281
8/28/2012,280
8/29/2012,285
8/30/2012,286
8/31/2012,285
9/3/2012,285
9/4/2012,285
9/5/2012,281
9/6/2012,285
9/7/2012,290
9/10/2012,289
9/11/2012,289
9/12/2012,290
9/13/2012,291
9/14/2012,298
9/17/2012,292
9/18/2012,289
9/19/2012,292
9/20/2012,292
9/21/2012,293
9/24/2012,290
9/25/2012,291
9/26/2012,288
9/27/2012,285
9/28/2012,292
10/1/2012,289
10/2/2012,287
10/3/2012,287
10/4/2012,287
10/5/2012,289
10/8/2012,289
10/9/2012,290
10/10/2012,290
10/11/2012,293
10/12/2012,289
10/15/2012,286
10/16/2012,287
10/17/2012,289
10/18/2012,291
10/19/2012,291
10/22/2012,292
10/23/2012,291
10/24/2012,293
10/25/2012,291
10/26/2012,289
10/29/2012,288
10/30/2012,288
10/31/2012,289
11/1/2012,290
11/2/2012,290
11/5/2012,291
11/6/2012,293
11/7/2012,295
11/8/2012,296
11/9/2012,293
11/12/2012,288
11/13/2012,287
11/14/2012,286
11/15/2012,286
11/16/2012,285
11/19/2012,285
11/20/2012,286
11/21/2012,287
11/22/2012,287
11/23/2012,287
11/26/2012,287
11/27/2012,292
11/28/2012,293
11/29/2012,292
11/30/2012,290
12/3/2012,289
12/4/2012,288
12/5/2012,290
12/6/2012,291
12/7/2012,292
12/10/2012,291
12/11/2012,288
12/12/2012,285
12/13/2012,284
12/14/2012,286
12/17/2012,286
12/18/2012,287
12/19/2012,286
12/20/2012,283
12/21/2012,283
12/24/2012,283
12/25/2012,283
12/26/2012,280
12/27/2012,279
12/28/2012,281
12/31/2012,281
1/1/2013,281
1/2/2013,276
1/3/2013,277
1/4/2013,273
1/7/2013,273
1/8/2013,273
1/9/2013,272
1/10/2013,272
1/11/2013,275
1/14/2013,278
1/15/2013,281
1/16/2013,282
1/17/2013,282
1/18/2013,282
1/21/2013,280
1/22/2013,278
1/23/2013,277
1/24/2013,276
1/25/2013,278
1/28/2013,279
1/29/2013,278
1/30/2013,280
1/31/2013,279
2/1/2013,277
2/4/2013,275
2/5/2013,274
2/6/2013,274
2/7/2013,272
2/8/2013,272
2/11/2013,270
2/12/2013,268
2/13/2013,268
2/14/2013,269
2/15/2013,270
2/18/2013,270
2/19/2013,268
2/20/2013,269
2/21/2013,265
2/22/2013,264
2/25/2013,261
2/26/2013,261
2/27/2013,261
2/28/2013,263
3/1/2013,264
3/4/2013,260
3/5/2013,261
3/6/2013,256
3/7/2013,257
3/8/2013,260
3/11/2013,260
3/12/2013,261
3/13/2013,261
3/14/2013,263
3/15/2013,263
3/18/2013,260
3/19/2013,260
3/20/2013,264
3/21/2013,263
3/22/2013,263
3/25/2013,263
3/26/2013,263
3/27/2013,266
3/28/2013,261
3/29/2013,259
4/1/2013,254
4/2/2013,253
4/3/2013,256
4/4/2013,256
4/5/2013,258
4/8/2013,261
4/9/2013,259
4/10/2013,258
4/11/2013,260
4/12/2013,260
4/15/2013,259
4/16/2013,260
4/17/2013,259
4/18/2013,261
4/19/2013,260
4/22/2013,258
4/23/2013,258
4/24/2013,258
4/25/2013,259
4/26/2013,259
4/29/2013,263
4/30/2013,265
5/1/2013,263
5/2/2013,264
5/3/2013,263
5/6/2013,260
5/7/2013,260
5/8/2013,260
5/9/2013,263
5/10/2013,261
5/13/2013,260
5/14/2013,261
5/15/2013,258
5/16/2013,256
5/17/2013,256
5/20/2013,256
5/21/2013,256
5/22/2013,256
5/23/2013,258
5/24/2013,255
5/27/2013,255
5/28/2013,254
5/29/2013,255
5/30/2013,255
5/31/2013,256
6/3/2013,254
6/4/2013,256
6/5/2013,254
6/6/2013,254
6/7/2013,255
6/10/2013,254
6/11/2013,254
6/12/2013,252
6/13/2013,250
6/14/2013,249
6/17/2013,243
6/18/2013,244
6/19/2013,247
6/20/2013,247
6/21/2013,245
6/24/2013,242
6/25/2013,241
6/26/2013,239
6/27/2013,238
6/28/2013,237
7/1/2013,236
7/2/2013,236
7/3/2013,237
7/4/2013,237
7/5/2013,236
7/8/2013,237
7/9/2013,238
7/10/2013,239
7/11/2013,240
7/12/2013,240
7/15/2013,237
7/16/2013,238
7/17/2013,237
7/18/2013,237
7/19/2013,237
7/22/2013,237
7/23/2013,236
7/24/2013,233
7/25/2013,232
7/26/2013,231
7/29/2013,231
7/30/2013,232
7/31/2013,233
8/1/2013,233
8/2/2013,233
8/5/2013,231
8/6/2013,231
8/7/2013,231
8/8/2013,230
8/9/2013,231
8/12/2013,231
8/13/2013,231
8/14/2013,231
8/15/2013,233
8/16/2013,233
8/19/2013,235
8/20/2013,234
8/21/2013,233
8/22/2013,232
8/23/2013,231
8/26/2013,234
8/27/2013,235
8/28/2013,234
8/29/2013,233
8/30/2013,233
9/2/2013,233
9/3/2013,232
9/4/2013,232
9/5/2013,232
9/6/2013,232
9/9/2013,231
9/10/2013,231
9/11/2013,232
9/12/2013,231
9/13/2013,231
9/16/2013,230
9/17/2013,230
9/18/2013,231
9/19/2013,231
9/20/2013,230
9/23/2013,229
9/24/2013,231
9/25/2013,233
9/26/2013,234
9/27/2013,237
9/30/2013,238
10/1/2013,239
10/2/2013,241
10/3/2013,242
10/4/2013,242
10/7/2013,243
10/8/2013,244
10/9/2013,244
10/10/2013,244
10/11/2013,244
10/14/2013,245
10/15/2013,244
10/16/2013,243
10/17/2013,243
10/18/2013,248
10/21/2013,247
10/22/2013,248
10/23/2013,249
10/24/2013,248
10/25/2013,247
10/28/2013,246
10/29/2013,245
10/30/2013,245
10/31/2013,244
11/1/2013,244
11/4/2013,242
11/5/2013,241
11/6/2013,240
11/7/2013,241
11/8/2013,240
11/11/2013,240
11/12/2013,240
11/13/2013,240
11/14/2013,240
11/15/2013,239
11/18/2013,238
11/19/2013,239
11/20/2013,238
11/21/2013,239
11/22/2013,239
11/25/2013,239
11/26/2013,239
11/27/2013,239
11/28/2013,239
11/29/2013,240
12/2/2013,240
12/3/2013,240
12/4/2013,240
12/5/2013,239
12/6/2013,240
12/9/2013,240
12/10/2013,238
12/11/2013,238
12/12/2013,237
12/13/2013,237
12/16/2013,237
12/17/2013,236
12/18/2013,235
12/19/2013,235
12/20/2013,235
12/23/2013,234
12/24/2013,233
12/25/2013,233
12/26/2013,233
12/27/2013,233
12/30/2013,232
12/31/2013,232
1/1/2014,232
1/2/2014,231
1/3/2014,232
1/6/2014,232
1/7/2014,231
1/8/2014,229
1/9/2014,230
1/10/2014,233
1/13/2014,232
1/14/2014,232
1/15/2014,230
1/16/2014,231
1/17/2014,232
1/20/2014,232
1/21/2014,231
1/22/2014,232
1/23/2014,233
1/24/2014,232
1/27/2014,231
1/28/2014,231
1/29/2014,229
1/30/2014,229
1/31/2014,227
2/3/2014,229
2/4/2014,232
2/5/2014,233
2/6/2014,233
2/7/2014,232
2/10/2014,234
2/11/2014,236
2/12/2014,235
2/13/2014,237
2/14/2014,237
2/17/2014,238
2/18/2014,240
2/19/2014,241
2/20/2014,241
2/21/2014,237
2/24/2014,237
2/25/2014,238
2/26/2014,237
2/27/2014,234
2/28/2014,237
3/3/2014,242
3/4/2014,242
3/5/2014,245
3/6/2014,247
3/7/2014,250
3/10/2014,248
3/11/2014,250
3/12/2014,252
3/13/2014,251
3/14/2014,252
3/17/2014,250
3/18/2014,254
3/19/2014,258
3/20/2014,257
3/21/2014,255
3/24/2014,259
3/25/2014,259
3/26/2014,256
3/27/2014,258
3/28/2014,255
3/31/2014,256
4/1/2014,254
4/2/2014,251
4/3/2014,252
4/4/2014,251
4/7/2014,251
4/8/2014,252
4/9/2014,249
4/10/2014,248
4/11/2014,248
4/14/2014,251
4/15/2014,256
4/16/2014,253
4/17/2014,253
4/18/2014,252
4/21/2014,250
4/22/2014,250
4/23/2014,251
4/24/2014,253
4/25/2014,253
4/28/2014,253
4/29/2014,253
4/30/2014,255
5/1/2014,254
5/2/2014,257
5/5/2014,260
5/6/2014,262
5/7/2014,262
5/8/2014,263
5/9/2014,262
5/12/2014,260
5/13/2014,258
5/14/2014,256
5/15/2014,252
5/16/2014,250
5/19/2014,251
5/20/2014,251
5/21/2014,249
5/22/2014,248
5/23/2014,247
5/26/2014,247
5/27/2014,245
5/28/2014,244
5/29/2014,243
5/30/2014,242
6/2/2014,240
6/3/2014,238
6/4/2014,239
6/5/2014,237
6/6/2014,240
6/9/2014,239
6/10/2014,237
6/11/2014,234
6/12/2014,233
6/13/2014,234
6/16/2014,235
6/17/2014,235
6/18/2014,236
6/19/2014,237
6/20/2014,236
6/23/2014,235
6/24/2014,232
6/25/2014,232
6/26/2014,234
6/27/2014,234
6/30/2014,232
7/1/2014,230
7/2/2014,228
7/3/2014,228
7/4/2014,228
7/7/2014,225
7/8/2014,225
7/9/2014,223
7/10/2014,222
7/11/2014,220
7/14/2014,221
7/15/2014,220
7/16/2014,220
7/17/2014,222
7/18/2014,220
7/21/2014,219
7/22/2014,217
7/23/2014,218
7/24/2014,218
7/25/2014,222
7/28/2014,221
7/29/2014,219
7/30/2014,219
7/31/2014,220
8/1/2014,220
8/4/2014,222
8/5/2014,223
8/6/2014,225
8/7/2014,224
8/8/2014,222
8/11/2014,220
8/12/2014,218
8/13/2014,217
8/14/2014,218
8/15/2014,218
8/18/2014,217
8/19/2014,218
8/20/2014,217
8/21/2014,218
8/22/2014,219
8/25/2014,219
8/26/2014,218
8/27/2014,219
8/28/2014,220
8/29/2014,219
9/1/2014,220
9/2/2014,219
9/3/2014,218
9/4/2014,217
9/5/2014,224
9/8/2014,224
9/9/2014,224
9/10/2014,223
9/11/2014,221
9/12/2014,218
9/15/2014,220
9/16/2014,219
9/17/2014,219
9/18/2014,216
9/19/2014,216
9/22/2014,216
9/23/2014,218
9/24/2014,219
9/25/2014,218
9/26/2014,216
9/29/2014,217
9/30/2014,216
10/1/2014,217
10/2/2014,217
10/3/2014,218
10/6/2014,219
10/7/2014,221
10/8/2014,221
10/9/2014,219
10/10/2014,218
10/13/2014,219
10/14/2014,221
10/15/2014,221
10/16/2014,223
10/17/2014,221
10/20/2014,221
10/21/2014,221
10/22/2014,222
10/23/2014,223
10/24/2014,221
10/27/2014,222
10/28/2014,223
10/29/2014,225
10/30/2014,224
10/31/2014,224
11/3/2014,224
11/4/2014,223
11/5/2014,221
11/6/2014,220
11/7/2014,219
11/10/2014,220
11/11/2014,222
11/12/2014,225
11/13/2014,227
11/14/2014,227
11/17/2014,225
11/18/2014,222
11/19/2014,220
11/20/2014,222
11/21/2014,223
11/24/2014,223
11/25/2014,225
11/26/2014,226
11/27/2014,226
11/28/2014,228
12/1/2014,235
12/2/2014,235
12/3/2014,232
12/4/2014,230
12/5/2014,230
12/8/2014,230
12/9/2014,229
12/10/2014,228
12/11/2014,229
12/12/2014,228
12/15/2014,229
12/16/2014,230
12/17/2014,233
12/18/2014,233
12/19/2014,230
12/22/2014,232
12/23/2014,230
12/24/2014,228
12/25/2014,228
12/26/2014,228
12/29/2014,229
12/30/2014,227
12/31/2014,226
1/1/2015,226
1/2/2015,223
1/5/2015,223
1/6/2015,225
1/7/2015,222
1/8/2015,220
1/9/2015,219
1/12/2015,217
1/13/2015,216
1/14/2015,214
1/15/2015,213
1/16/2015,214
1/19/2015,214
1/20/2015,214
1/21/2015,213
1/22/2015,213
1/23/2015,209
1/26/2015,207
1/27/2015,207
1/28/2015,203
1/29/2015,204
1/30/2015,200
2/2/2015,199
2/3/2015,202
2/4/2015,201
2/5/2015,204
2/6/2015,204
2/9/2015,204
2/10/2015,203
2/11/2015,203
2/12/2015,201
2/13/2015,204
2/16/2015,204
2/17/2015,205
2/18/2015,203
2/19/2015,202
2/20/2015,202
2/23/2015,201
2/24/2015,201
2/25/2015,198
2/26/2015,198
2/27/2015,200
3/2/2015,198
3/3/2015,198
3/4/2015,196
3/5/2015,195
3/6/2015,194
3/9/2015,195
3/10/2015,195
3/11/2015,195
3/12/2015,196
3/13/2015,196
3/16/2015,199
3/17/2015,198
3/18/2015,199
3/19/2015,199
3/20/2015,202
3/23/2015,203
3/24/2015,201
3/25/2015,201
3/26/2015,197
3/27/2015,198
3/30/2015,201
3/31/2015,197
4/1/2015,201
4/2/2015,202
4/3/2015,202
4/6/2015,201
4/7/2015,200
4/8/2015,198
4/9/2015,197
4/10/2015,199
4/13/2015,195
4/14/2015,193
4/15/2015,191
4/16/2015,190
4/17/2015,189
4/20/2015,189
4/21/2015,190
4/22/2015,189
4/23/2015,190
4/24/2015,186
4/27/2015,184
4/28/2015,184
4/29/2015,185
4/30/2015,183
5/1/2015,182
5/4/2015,180
5/5/2015,178
5/6/2015,181
5/7/2015,179
5/8/2015,181
5/11/2015,180
5/12/2015,179
5/13/2015,180
5/14/2015,184
5/15/2015,184
5/18/2015,186
5/19/2015,184
5/20/2015,185
5/21/2015,187
5/22/2015,185
5/25/2015,185
5/26/2015,182
5/27/2015,180
5/28/2015,180
5/29/2015,179
6/1/2015,182
6/2/2015,186
6/3/2015,185
6/4/2015,188
6/5/2015,185
6/8/2015,187
6/9/2015,188
6/10/2015,185
6/11/2015,184
6/12/2015,184
6/15/2015,181
6/16/2015,181
6/17/2015,181
6/18/2015,180
6/19/2015,181
6/22/2015,183
6/23/2015,187
6/24/2015,186
6/25/2015,188
6/26/2015,194
6/29/2015,197
6/30/2015,201
7/1/2015,201
7/2/2015,200
7/3/2015,200
7/6/2015,200
7/7/2015,200
7/8/2015,198
7/9/2015,198
7/10/2015,197
7/13/2015,195
7/14/2015,194
7/15/2015,193
7/16/2015,191
7/17/2015,186
7/20/2015,183
7/21/2015,181
7/22/2015,180
7/23/2015,181
7/24/2015,180
7/27/2015,178
7/28/2015,178
7/29/2015,175
7/30/2015,173
7/31/2015,173
8/3/2015,174
8/4/2015,173
8/5/2015,174
8/6/2015,174
8/7/2015,174
8/10/2015,177
8/11/2015,174
8/12/2015,172
8/13/2015,173
8/14/2015,174
8/17/2015,173
8/18/2015,171
8/19/2015,171
8/20/2015,172
8/21/2015,170
8/24/2015,170
8/25/2015,168
8/26/2015,168
8/27/2015,167
8/28/2015,167
8/31/2015,168
9/1/2015,167
9/2/2015,167
9/3/2015,165
9/4/2015,168
9/7/2015,168
9/8/2015,168
9/9/2015,168
9/10/2015,169
9/11/2015,169
9/14/2015,170
9/15/2015,172
9/16/2015,171
9/17/2015,170
9/18/2015,170
9/21/2015,171
9/22/2015,171
9/23/2015,173
9/24/2015,171
9/25/2015,173
9/28/2015,174
9/29/2015,173
9/30/2015,175
10/1/2015,176
10/2/2015,176
10/5/2015,176
10/6/2015,178
10/7/2015,177
10/8/2015,177
10/9/2015,176
10/12/2015,176
10/13/2015,178
10/14/2015,177
10/15/2015,176
10/16/2015,174
10/19/2015,172
10/20/2015,173
10/21/2015,173
10/22/2015,172
10/23/2015,173
10/26/2015,175
10/27/2015,175
10/28/2015,175
10/29/2015,176
10/30/2015,177
11/2/2015,175
11/3/2015,176
11/4/2015,177
11/5/2015,176
11/6/2015,176
11/9/2015,174
11/10/2015,172
11/11/2015,172
11/12/2015,172
11/13/2015,171
11/16/2015,170
11/17/2015,169
11/18/2015,169
11/19/2015,170
11/20/2015,171
11/23/2015,172
11/24/2015,169
11/25/2015,170
11/26/2015,170
11/27/2015,169
11/30/2015,169
12/1/2015,169
12/2/2015,168
12/3/2015,170
12/4/2015,171
12/7/2015,171
12/8/2015,170
12/9/2015,171
12/10/2015,171
12/11/2015,170
12/14/2015,170
12/15/2015,170
12/16/2015,168
12/17/2015,168
12/18/2015,168
12/21/2015,167
12/22/2015,166
12/23/2015,166
12/24/2015,166
12/25/2015,166
12/28/2015,165
12/29/2015,166
12/30/2015,166
12/31/2015,166
1/1/2016,165
1/4/2016,164
1/5/2016,164
1/6/2016,164
1/7/2016,165
1/8/2016,165
1/11/2016,164
1/12/2016,166
